{
    "days_held": 0,
    "total_pnl": 1980.6424749056332,
    "spot_pnl": 10808.154560721003,
    "perp_pnl": -10809.381788863093,
    "funding_pnl": 1998.5167175875574,
    "net_market_pnl": -1.2272281420900981,
    "fees_paid": 16.647014539833638,
    "total_return_pct": 19.80642474905634,
    "annualized_return": 0.0,
    "funding_apr": 0.0,
    "funding_apy": 0.0,
    "avg_funding_rate": 0.0,
    "avg_funding_apr": 0.0,
    "sharpe_ratio": 7.273570018616586,
    "max_drawdown": -0.23369031269838692,
    "net_pnl_volatility": 5.973589856480333,
    "net_pnl_max": 5.639295690489234,
    "net_pnl_min": -44.20500844634262,
    "net_pnl_range": 49.84430413683185,
    "capital_efficiency": 3.1617536349584094,
    "basis_funding_correlation": 0.7095939280691106,
    "basis_funding_p_value": 1.2032844511588185e-293
}