{
    "days_held": 649,
    "total_pnl": NaN,
    "spot_pnl": 10131.442128713297,
    "perp_pnl": -10144.773088666752,
    "funding_pnl": NaN,
    "net_market_pnl": -13.330959953455022,
    "fees_paid": 16.110486086952022,
    "total_return_pct": NaN,
    "annualized_return": NaN,
    "funding_apr": NaN,
    "funding_apy": NaN,
    "avg_funding_rate": 9.244667866323907e-05,
    "avg_funding_apr": 10.122911313624678,
    "sharpe_ratio": 7.080466313237886,
    "max_drawdown": -0.23298291590293507,
    "net_pnl_volatility": 5.951031200325341,
    "net_pnl_max": 5.639295690489234,
    "net_pnl_min": -44.20500844634262,
    "net_pnl_range": 49.84430413683185,
    "capital_efficiency": 3.027621521738005,
    "basis_funding_correlation": 0.6749616080943293,
    "basis_funding_p_value": 7.822466615441281e-259
}