{
    "days_held": 639,
    "total_pnl": -1554.962650209247,
    "spot_pnl": -5000.0,
    "perp_pnl": -11835.672534811889,
    "funding_pnl": 1121.5509703264063,
    "net_market_pnl": -16835.67253481189,
    "fees_paid": 0.0,
    "total_return_pct": -15.549626502092472,
    "annualized_return": -9.202382718303104,
    "funding_apr": 6.406355307811242,
    "funding_apy": 6.615416101858607,
    "avg_funding_rate": 9.127839937434826e-05,
    "avg_funding_apr": 9.994984731491135,
    "sharpe_ratio": 0.10868521085507428,
    "max_drawdown": -1298.7337545498324,
    "net_pnl_volatility": 6641.646457822796,
    "net_pnl_max": 11036.744926378205,
    "net_pnl_min": -17815.29413568613,
    "net_pnl_range": 28852.039062064337,
    "capital_efficiency": 0.0,
    "basis_funding_correlation": 0.7095939280691106,
    "basis_funding_p_value": 1.2032844511588185e-293
}